{
    "baseline": {
        "mae": 16.642361643300426,
        "rmse": 22.259228536399544,
        "r2": 0.040911567009834005
    },
    "rf_tuned": {
        "mae": 16.03581031056138,
        "rmse": 21.536837756969902,
        "r2": 0.10215305509416339
    },
    "xgb_tuned": {
        "mae": 16.085097865600922,
        "rmse": 21.537078657741628,
        "r2": 0.10213296920838655
    },
    "lgbm_tuned": {
        "mae": 16.08148194501671,
        "rmse": 21.60165319303548,
        "r2": 0.09674075545360683
    },
    "best_model": "rf_model"
}